CateAdv,AdvID
آشپزی,10378
آشپزی,10378
آشپزی,8204
آشپزی,8657
آشپزی,7657
آشپزی,8147
آشپزی,10066
آشپزی,10066
آشپزی,13310
آشپزی,14721
آشپزی,11281
آشپزی,9284
آشپزی,11300
آشپزی,15168
آشپزی,18161
آشپزی,18161
آشپزی,23365
آشپزی,23365
آشپزی,16421
آشپزی,6049
آشپزی,6049
آشپزی,20618
آشپزی,24382
آشپزی,24382
آشپزی,22030
آشپزی,21553
آشپزی,22099
آشپزی,22099
آشپزی,4033
آشپزی,21589
آشپزی,17265
آشپزی,31392
آشپزی,30966
آشپزی,8657
آشپزی,28856
آشپزی,28707
آشپزی,9715
آشپزی,22099
آشپزی,22099
آشپزی,43390
آشپزی,43390
آشپزی,29257
آشپزی,8891
آشپزی,8549
آشپزی,10064
آشپزی,28422
آشپزی,20023
آشپزی,42580
آشپزی,7921
آشپزی,26287
آشپزی,22009
آشپزی,22009
آشپزی,10641
آشپزی,9036
آشپزی,13678
آشپزی,13678
سبک,11620
سبک,28107
سبک,1436
سبک,10154
سبک,2248
سبک,8722
سبک,14151
سبک,25811
سبک,16172
سبک,23588
سبک,21325
سبک,25291
سبک,10187
سبک,3297
سبک,19884
سبک,22083
سبک,2926
سبک,22030
سبک,24372
سبک,15280
سبک,13630
سبک,19922
سبک,25618
سبک,23588
سبک,23588
سبک,23588
سبک,46469
سبک,15582
سبک,15582
سبک,15582
سبک,4818
سبک,15732
سبک,15732
سبک,15732
سبک,14083
سبک,22502
سبک,24984
سبک,24984
سبک,21892
سبک,4818
سبک,24231
سبک,28156
سبک,33230
سبک,9758
سبک,14581
سبک,27649
سبک,27649
سبک,30553
سبک,28223
سبک,27731
سبک,37760
سبک,27757
سبک,13945
سبک,23570
سبک,29211
سبک,13477
سبک,5619
سبک,31593
سبک,6744
سبک,39782
سبک,11739
سبک,34467
سبک,46566
سبک,55891
سبک,55891
سبک,31945
سبک,24718
سبک,29047
سبک,32168
سبک,4686
سبک,23322
سبک,10732
سبک,24157
سبک,32616
سبک,51092
سبک,8891
سبک,43511
سبک,25462
سبک,10242
سبک,36692
سبک,25709
سبک,25709
پوشاک,25617
پوشاک,12633
پوشاک,12633
پوشاک,12847
پوشاک,22232
پوشاک,27731
پوشاک,32565
پوشاک,28149
پوشاک,37155
پوشاک,39037
پوشاک,26079
پوشاک,30056
پوشاک,28842
پوشاک,38896
پوشاک,38896
پوشاک,7452
پوشاک,8575
پوشاک,51775
پوشاک,40202
پوشاک,40202
پوشاک,26272
پوشاک,45945
مالی,27471
مالی,8129
مالی,24697
مالی,11739
مالی,25596
مالی,25596
مالی,16440
مالی,13507
مالی,13163
مالی,3853
مالی,10859
مالی,10859
مالی,23658
مالی,16521
مالی,4522
مالی,4522
مالی,27089
مالی,27009
مالی,12573
مالی,53852
مالی,39572
مالی,50748
مالی,8991
مالی,6744
مالی,14586
مالی,16440
مالی,16440
مالی,27009
مالی,11527
مالی,4235
مالی,4235
خانواده,22215
خانواده,22215
خانواده,8764
خانواده,11064
خانواده,12702
خانواده,8881
خانواده,8323
خانواده,14721
خانواده,13787
خانواده,13787
خانواده,8764
خانواده,11061
خانواده,11061
خانواده,8881
خانواده,16421
خانواده,16421
خانواده,22114
خانواده,22114
خانواده,22114
خانواده,14405
خانواده,14405
خانواده,14405
خانواده,9282
خانواده,30813
خانواده,22215
خانواده,21749
خانواده,22215
خانواده,13796
خانواده,13796
خانواده,22414
خانواده,23757
خانواده,22651
خانواده,22651
خانواده,22651
خانواده,22651
خانواده,22651
خانواده,23160
خانواده,21799
خانواده,21799
خانواده,23066
خانواده,23924
خانواده,24541
خانواده,36630
خانواده,28322
خانواده,8602
خانواده,39053
خانواده,16406
خانواده,45437
خانواده,23366
خانواده,23366
خانواده,17382
خانواده,17382
خانه,3349
خانه,5617
خانه,7550
خانه,13050
خانه,13050
خانه,13082
خانه,3349
خانه,3349
خانه,17329
خانه,17329
خانه,21848
خانه,11300
خانه,23480
خانه,23480
خانه,23480
خانه,11300
خانه,382
خانه,22381
خانه,11911
تکنولوژی,7726
تکنولوژی,11442
تکنولوژی,2869
تکنولوژی,22685
تکنولوژی,14978
تکنولوژی,11131
تکنولوژی,11131
تکنولوژی,1697
تکنولوژی,13268
تکنولوژی,22952
تکنولوژی,23525
تکنولوژی,1438
تکنولوژی,1438
تکنولوژی,16418
تکنولوژی,22418
تکنولوژی,22418
تکنولوژی,7488
تکنولوژی,11021
تکنولوژی,23954
تکنولوژی,13047
تکنولوژی,25375
تکنولوژی,9014
عکاسی,6824
عکاسی,6793
عکاسی,11167
عکاسی,18976
عکاسی,11167
عکاسی,18138
عکاسی,11167
عکاسی,11167
عکاسی,28707
عکاسی,28707
عکاسی,28707
عکاسی,29030
عکاسی,29030
عکاسی,29030
عکاسی,29030
عکاسی,29030
عکاسی,6824
خودرو,6583
خودرو,974
خودرو,5202
خودرو,974
خودرو,6547
خودرو,18843
خودرو,24697
خودرو,30026
خودرو,35558
خودرو,35558
خودرو,35558
خودرو,35777
خودرو,8333
خودرو,28484
خودرو,11277
خودرو,23762
خودرو,13268
خودرو,11569
خودرو,28484
آموزش,2869
آموزش,22591
آموزش,3349
آموزش,22403
آموزش,3202
آموزش,11442
آموزش,392
آموزش,2768
آموزش,392
آموزش,13022
آموزش,23791
آموزش,23791
آموزش,16185
آموزش,13112
آموزش,3853
آموزش,14360
آموزش,6757
آموزش,15622
آموزش,14660
آموزش,7531
آموزش,21659
آموزش,22126
آموزش,3853
آموزش,13365
آموزش,13365
آموزش,11628
آموزش,2869
آموزش,2869
آموزش,24523
آموزش,17432
آموزش,25114
آموزش,4806
آموزش,4806
آموزش,14757
آموزش,13755
آموزش,22126
آموزش,11694
آموزش,23974
آموزش,23974
آموزش,23117
آموزش,23117
آموزش,11520
آموزش,1907
آموزش,10859
آموزش,10859
آموزش,21949
آموزش,21949
آموزش,6251
آموزش,6251
آموزش,3341
آموزش,21659
آموزش,13796
آموزش,13796
آموزش,25391
آموزش,25391
آموزش,24112
آموزش,4000
آموزش,12847
آموزش,11743
آموزش,11743
آموزش,7402
آموزش,28114
آموزش,28114
آموزش,21988
آموزش,21988
آموزش,21988
آموزش,21988
آموزش,24571
آموزش,7734
آموزش,27028
آموزش,27028
آموزش,9543
آموزش,28515
آموزش,11821
آموزش,24555
آموزش,24555
آموزش,16551
آموزش,11353
آموزش,10134
آموزش,12863
آموزش,14068
آموزش,17432
آموزش,4845
آموزش,27471
آموزش,17248
ورزش,4184
ورزش,7169
ورزش,10315
ورزش,11723
ورزش,11463
ورزش,15955
ورزش,10859
ورزش,10859
ورزش,4128
ورزش,22381
ورزش,711
ورزش,23039
ورزش,23039
ورزش,21996
ورزش,711
ورزش,21996
ورزش,21996
ورزش,8367
ورزش,4694
ورزش,12632
ورزش,18861
ورزش,18861
ورزش,11463
ورزش,14801
مد,9070
مد,7873
مد,3044
مد,2656
مد,4660
مد,13325
مد,2248
مد,7160
مد,13325
مد,9651
مد,12093
مد,11422
مد,12746
مد,12093
مد,13004
مد,12093
مد,15069
مد,13700
مد,3045
مد,12746
مد,10154
مد,14660
مد,14808
مد,12466
مد,14909
مد,24632
مد,10154
مد,15027
مد,14006
مد,1197
مد,1197
مد,19767
مد,11635
مد,11635
مد,9025
مد,9025
مد,22023
مد,13624
مد,15754
مد,21749
مد,20970
مد,20970
مد,22014
مد,22550
مد,22965
مد,12810
مد,12810
مد,14858
مد,14858
مد,23835
مد,15463
مد,23266
مد,21911
مد,22607
مد,22520
مد,20643
مد,20643
مد,2774
مد,12995
مد,12995
طنز,16345
طنز,8722
طنز,11353
طنز,9841
طنز,30806
طنز,4491
طنز,15646
طنز,14922
طنز,16345
طنز,7616
طنز,15527
طنز,12584
طنز,18976
طنز,24098
طنز,24098
طنز,12810
طنز,24324
طنز,3877
طنز,19729
طنز,11801
طنز,48171
طنز,16345
طنز,2560
طنز,29968
طنز,12321
طنز,48103
طنز,55738
طنز,16196
طنز,10804
طنز,42746
طنز,10186
طنز,48894
طنز,11946
سفر,7316
سفر,17359
سفر,20373
سفر,20373
سفر,20373
سفر,31766
سفر,13694
سفر,8492
سفر,53806
سفر,40663
سفر,40663
سفر,18513
سفر,18513
سفر,40663
سفر,13082
سفر,41680
سفر,41680
سفر,41680
سفر,4657
سفر,31766
سفر,13945
سفر,18449
سفر,11527
فیلم,6022
فیلم,21578
اطلاعات,5953
اطلاعات,5917
اطلاعات,5917
اطلاعات,12632
اخبار,11068
اخبار,14314
اخبار,16147
اخبار,1547
اخبار,9942
اخبار,8246
اخبار,24681
اخبار,24681
اخبار,23371
اخبار,25137
اخبار,50766
اخبار,23544
کتاب,45622
کتاب,21812
کتاب,21812
کتاب,21812
کتاب,21812
کتاب,2249
کتاب,31253
کتاب,22203
کتاب,32297
کتاب,27041
کتاب,3492
کتاب,3492
کتاب,9064
کتاب,32297
کتاب,27041
عمومی,53766
عمومی,41267
عمومی,41267
عمومی,31408
عمومی,40006
عمومی,40006
عمومی,39001
عمومی,25803
عمومی,51534
عمومی,41502
عمومی,41502
عمومی,49595
عمومی,49595
عمومی,49595
عمومی,11225
عمومی,11225
عمومی,49595
عمومی,49595
عمومی,54986
انگیزشی,14519
انگیزشی,1049
انگیزشی,25278
انگیزشی,8891
انگیزشی,39748
انگیزشی,44708
تغذیه,9995
تغذیه,534
تغذیه,534
تغذیه,534
تغذیه,534
تغذیه,5805
تغذیه,23266
تغذیه,23609
تغذیه,23609
تغذیه,14063
تغذیه,5953
تغذیه,22018
توصیه,9555
توصیه,26192
توصیه,26192
توصیه,28534
توصیه,27532
توصیه,21380
توصیه,21498
توصیه,21380
توصیه,32277
توصیه,32277
توصیه,27809
توصیه,27679
توصیه,11181
توصیه,11181
توصیه,42760
توصیه,42760
توصیه,36146
توصیه,36146
توصیه,27871
توصیه,24555
توصیه,24555
روان‌شناسی,14198
روان‌شناسی,16216
روان‌شناسی,22607
روان‌شناسی,16239
روان‌شناسی,1991
روان‌شناسی,3606
روان‌شناسی,26316
روان‌شناسی,27812
روان‌شناسی,27812
روان‌شناسی,27329
روان‌شناسی,14306
روان‌شناسی,15156
روان‌شناسی,47892
روان‌شناسی,11324
طراحی,25070
طراحی,25070
طراحی,25070
طراحی,24603
طراحی,30359
طراحی,30359
طراحی,36117
طراحی,24603
طراحی,36117
طراحی,36117
طراحی,31619
طراحی,48171
طراحی,24754
طراحی,24754
طراحی,24754
مادر,13945
مادر,23360
مادر,50855
مادر,21553
مادر,19428
مادر,21892
مادر,25569
مادر,25569
مادر,25362
مادر,25070
مادر,25735
مادر,6561
مادر,16290
مادر,25735
مادر,26092
مادر,26079
مادر,23360
مادر,23210
مادر,21885
مادر,21885
مادر,8684
مادر,27029
مادر,27941
مادر,13621
مادر,25595
مادر,25595
مادر,4158
مادر,28893
مادر,24185
مادر,5345
مادر,36422
مادر,7381
مادر,8847
مادر,29861
مادر,29861
مادر,29861
مادر,29139
مادر,23852
مادر,31554
مادر,26084
مادر,31434
مادر,24541
مادر,16501
مادر,55248
مادر,21763
مادر,8324
مادر,25070
مادر,54953
مادر,54953
مادر,44861
مادر,46051
مادر,25913
مادر,42146
مادر,32575
مادر,31434
مادر,48815
مادر,48815
مادر,2146
مادر,21885
مادر,16290
مادر,25495
مادر,24896
مادر,11299
مادر,11299
مادر,52559
مادر,20802
مادر,31203
سرگرمی,16172
سرگرمی,17299
سرگرمی,17299
سرگرمی,23104
سرگرمی,27142
سرگرمی,27142
سرگرمی,8369
سرگرمی,9167
مدلینگ,28797
مدلینگ,31070
مدلینگ,38420
مدلینگ,45606
مدلینگ,53754
مدلینگ,28797
مدلینگ,2448
مدلینگ,6972
مدلینگ,47886
مدلینگ,31189
مدلینگ,36146
مدلینگ,36146
دانستنی,25478
دانستنی,25114
دانستنی,28581
دانستنی,49595
دانستنی,11671
زبان,21812
زبان,22203
زبان,22203
زبان,21995
زبان,27459
زبان,13081
زبان,52061
سینما,18976
سینما,26415
سینما,13907
سینما,6744
سینما,53938
یادگیری,26621
یادگیری,23196
یادگیری,52291
یادگیری,39748
یادگیری,27260
یادگیری,22126
یادگیری,28219
یادگیری,53083
یادگیری,46037
یادگیری,2249
یادگیری,35263
بازی,52407
بازی,22518
بازی,31088
بازی,21462
بازی,29390
بازی,29390
بازی,37010
بازی,43462
بازی,44816
بازی,44816
بازی,35791
بازی,48254
رستوران,26385
رستوران,19729
رستوران,17828
رستوران,17828
رستوران,26287
رستوران,25595
رستوران,25595
رستوران,28518
رستوران,29197
رستوران,16196
رستوران,23996
رستوران,36895
رستوران,36899
رستوران,27674
رستوران,28241
رستوران,40247
رستوران,40247
رستوران,52363
رستوران,50426
پزشکی,15902
پزشکی,25803
پزشکی,48216
پزشکی,31888
پزشکی,43896
پزشکی,31888
پزشکی,36146
پزشکی,36146
پزشکی,54987
آرایشی,30247
آرایشی,13477
آرایشی,30188
آرایشی,44081
آرایشی,9381
آرایشی,9381
آرایشی,29740
آرایشی,43511
آرایشی,29740
آرایشی,30261
آرایشی,50899
ساخت,52062
ساخت,3757
ساخت,3757
ساخت,44816
ساخت,44816
ورزشی,4128
ورزشی,28671
ورزشی,26823
ورزشی,26823
ورزشی,41515
ورزشی,14919
ورزشی,39512
ورزشی,42627
ورزشی,28570
ورزشی,28570
ورزشی,41680
ورزشی,41680
ورزشی,41680
ورزشی,35413
اقتصادی,25821
اقتصادی,25821
اقتصادی,48331
اقتصادی,25804
اقتصادی,31616
اقتصادی,31616
اقتصادی,31616
اقتصادی,38703
اقتصادی,45741
اقتصادی,45518
اقتصادی,42627
اقتصادی,2717
وسایل,38003
وسایل,8136
وسایل,44816
وسایل,44816
وسایل,44816
وسایل,44816
وسایل,46250
وسایل,44816
وسایل,44816
وسایل,45625
دانشجویی,51368
شعر,48539
شعر,7007
شبکه,43516
شبکه,53869
رمزارز,31609
رمزارز,55267
رمزارز,15031
رمزارز,15031
رمزارز,38939
رمزارز,26923
رمزارز,30821
رمزارز,53835
رمزارز,45741
رمزارز,47274
بازاریابی,26566
بازاریابی,26566
بازاریابی,52374
بازاریابی,41121
موسیقی,51534
موسیقی,29485
نرم,5544
سلامت,45664
کارآفرینی,12844
کارآفرینی,41504
کارآفرینی,1048
کارآفرینی,1048
کارآفرینی,47171
کارآفرینی,53083
مذهبی,20036
مذهبی,54002
مذهبی,44683
مذهبی,44683
حیوانات,35447
فال,43207
دانش,7293
صنایع,16040
صنایع,16040
بدنسازی,7944
بدنسازی,7944
